param,median,sd
precip,24.702499389648438,15.40785387144266
tmean,17.93000030517578,4.1075999935422844
tmin,3.509999990463257,4.496206823647848
tmax,35.81999969482422,5.87054213853445
latitude,33.6264124,1.3983095506936254
longitude,-114.710584,2.702916653375865
elev,681,701.8384599974237
